AP,OIS,ODS
0,0.20144395786483613,0.19095025022969772
